scholar_id,url_picture,name,affiliation,email_domain,interests,citedby,Country Ranking,World Rank,Country,Institution
mUDHRIQAAAAJ,https://scholar.google.com/citations?view_op=medium_photo&user=mUDHRIQAAAAJ,Markus Klute,"Assistant Professor of Physics, Massachusetts Institute of Technology",@mit.edu,['Particle Physics'],255599,1,1,USA,Massachusetts Institute of Technology - MIT
8086TkwAAAAJ,https://scholar.google.com/citations?view_op=medium_photo&user=8086TkwAAAAJ,Moungi G. Bawendi,Massachusetts Institute of Technology,@mit.edu,[],162225,1,1,USA,Massachusetts Institute of Technology - MIT
ZglAOxkAAAAJ,https://scholar.google.com/citations?view_op=medium_photo&user=ZglAOxkAAAAJ,Paul A Samuelson,Massachusetts Institute of Technology,,['Economics'],160531,1,1,USA,Massachusetts Institute of Technology - MIT
B5QpZooAAAAJ,https://scholar.google.com/citations?view_op=medium_photo&user=B5QpZooAAAAJ,Feng Zhang,HHMI / Massachusetts Institute of Technology / Broad Institute of MIT and Harvard,@mit.edu,"['neuroscience', 'microbiology', 'optogenetics', 'genome engineering']",159707,1,1,USA,Massachusetts Institute of Technology - MIT
VUmcVOAAAAAJ,https://scholar.google.com/citations?view_op=medium_photo&user=VUmcVOAAAAAJ,Dimitri Bertsekas,Arizona State University - Massachusetts Institute of Technology,@mit.edu,"['Optimization and Control', 'Large-Scale Computation']",131827,1,1,USA,Massachusetts Institute of Technology - MIT
Kkjq1vMAAAAJ,https://scholar.google.com/citations?view_op=medium_photo&user=Kkjq1vMAAAAJ,Stephen L. Buchwald,"Professor of Chemistry, Massachusetts Institute of Technology",@mit.edu,"['organic synthesis', 'organometallic chemistry', 'catalysis', 'asymmetric catalysis', 'flow chemistry']",127021,1,1,USA,Massachusetts Institute of Technology - MIT
N6ah30sAAAAJ,https://scholar.google.com/citations?view_op=medium_photo&user=N6ah30sAAAAJ,Anantha Chandrakasan,"Dean of Engineering, Massachusetts Institute of Technology",@mit.edu,"['Energy Efficient Design', 'Machine Learning Hardware', 'Security Hardware']",114813,1,1,USA,Massachusetts Institute of Technology - MIT
cxBrKTUAAAAJ,https://scholar.google.com/citations?view_op=medium_photo&user=cxBrKTUAAAAJ,DH Shoemaker,"Senior Research Scientist, Massachusetts Institute of Technology (MIT)",@mit.edu,['Gravitational Wave detection'],113748,1,1,USA,Massachusetts Institute of Technology - MIT
mzSv5kgAAAAJ,https://scholar.google.com/citations?view_op=medium_photo&user=mzSv5kgAAAAJ,Frank Wilczek,Professor of Physics at the Massachusetts Institute of Technology,,"['Asymptotic Freedom', 'Quantum chromodynamics', 'Quantum Statistics']",104522,1,1,USA,Massachusetts Institute of Technology - MIT
7GftUzMAAAAJ,https://scholar.google.com/citations?view_op=medium_photo&user=7GftUzMAAAAJ,Slawomir Gras,Massachusetts Institute of Technology - LIGO Laboratory,@mit.edu,"['Gravitational Waves', 'Precision Measurement']",104079,1,1,USA,Massachusetts Institute of Technology - MIT
YLB6tnwAAAAJ,https://scholar.google.com/citations?view_op=medium_photo&user=YLB6tnwAAAAJ,Gang Chen,"Professor, Mechanical Engineering, massachusetts institute of technology",@mit.edu,"['heat', 'energy', 'photovoltaic', 'electromagnetic', 'desalination']",103143,1,1,USA,Massachusetts Institute of Technology - MIT
w0iKa2kAAAAJ,https://scholar.google.com/citations?view_op=medium_photo&user=w0iKa2kAAAAJ,Prof. Jing Kong,Massachusetts Institute of Technology,@mit.edu,['Low dimensional materials'],97555,1,1,USA,Massachusetts Institute of Technology - MIT
NM1dXVYAAAAJ,https://scholar.google.com/citations?view_op=medium_photo&user=NM1dXVYAAAAJ,Daniel G. Anderson,Massachusetts Institute of Technology,@mit.edu,"['biomaterials', 'gene delivery', 'nanomedicine']",84166,1,1,USA,Massachusetts Institute of Technology - MIT
yepgRwcAAAAJ,https://scholar.google.com/citations?view_op=medium_photo&user=yepgRwcAAAAJ,Cody Messick,Massachusetts Institute of Technology,@mit.edu,['Gravitational Waves'],81222,1,1,USA,Massachusetts Institute of Technology - MIT
WZgmlGztGjkC,https://scholar.google.com/citations?view_op=medium_photo&user=WZgmlGztGjkC,Jing Wang,Massachusetts Institute of Technology,@mit.edu,['High energy physics'],76957,1,1,USA,Massachusetts Institute of Technology - MIT
riVGxxoAAAAJ,https://scholar.google.com/citations?view_op=medium_photo&user=riVGxxoAAAAJ,LH Tsai,Massachusetts Institute of Technology,@mit.edu,"['Neuroscience', ""Alzheimer's disease"", 'iPSCs', 'gamma entrainment']",75871,1,1,USA,Massachusetts Institute of Technology - MIT
lyMGnwIAAAAJ,https://scholar.google.com/citations?view_op=medium_photo&user=lyMGnwIAAAAJ,Seth Lloyd,"Professor of Mechanical Engineering, Massachusetts Institute of Technology",@mit.edu,"['quantum computation', 'quantum information', 'quantum communication', 'complex systems']",75570,1,1,USA,Massachusetts Institute of Technology - MIT
AHY7mI8AAAAJ,https://scholar.google.com/citations?view_op=medium_photo&user=AHY7mI8AAAAJ,Nikhil Mukund,Massachusetts Institute of Technology (MIT Kavli - LIGO Laboratory),@mit.edu,"['Gravitational Waves', 'Laser Interferometry', 'AI-based Sensing & Control', 'Embedded Machine Learning']",75554,1,1,USA,Massachusetts Institute of Technology - MIT
L-SoYz8AAAAJ,https://scholar.google.com/citations?view_op=medium_photo&user=L-SoYz8AAAAJ,Sangeeta N. Bhatia,"… and Electrical Engineering and Computer Science, Massachusetts Institute of Technology",@mit.edu,['Multiscale Regenerative Technologies'],73946,1,1,USA,Massachusetts Institute of Technology - MIT
_MHaph0AAAAJ,https://scholar.google.com/citations?view_op=medium_photo&user=_MHaph0AAAAJ,Steven Johnson,"Professor of Applied Mathematics and Physics, Massachusetts Institute of Technology",@math.mit.edu,[],73688,1,1,USA,Massachusetts Institute of Technology - MIT
X4ajv-sAAAAJ,https://scholar.google.com/citations?view_op=medium_photo&user=X4ajv-sAAAAJ,robert desimone,massachusetts institute of technology,@mit.edu,['neuroscience'],72640,1,1,USA,Massachusetts Institute of Technology - MIT
Br2CnUYAAAAJ,https://scholar.google.com/citations?view_op=medium_photo&user=Br2CnUYAAAAJ,Vladimir Bulovic,Massachusetts Institute of Technology,@mit.edu,[],71802,1,1,USA,Massachusetts Institute of Technology - MIT
Z6eI_ZYAAAAJ,https://scholar.google.com/citations?view_op=medium_photo&user=Z6eI_ZYAAAAJ,Kerry Emanuel,Massachusetts Institute of Technology,@mit.edu,"['Tropical Meteorology', 'Hurricanes', 'Tropical Cyclones', 'Climate']",69665,1,1,USA,Massachusetts Institute of Technology - MIT
tlZEJ_IAAAAJ,https://scholar.google.com/citations?view_op=medium_photo&user=tlZEJ_IAAAAJ,Álvaro Fernández Galiana,"Massachusetts Institute of Technology, Imperial College London, University of Oxford",@mit.edu,[],69595,1,1,USA,Massachusetts Institute of Technology - MIT
hARTZn8AAAAJ,https://scholar.google.com/citations?view_op=medium_photo&user=hARTZn8AAAAJ,Timothy M.  Swager,Massachusetts Institute of Technology,@MIT.edu,['Chemistry and Materials Science'],63982,1,1,USA,Massachusetts Institute of Technology - MIT
sLCH8H4AAAAJ,https://scholar.google.com/citations?view_op=medium_photo&user=sLCH8H4AAAAJ,"Richard J. Cohen, MD, PhD","… Professor in Biomedical Engineering, Emeritus,  Massachusetts Institute of Technology",@mit.edu,"['Cardiovascular', 'Biomedical Engineering', 'Biomedical Physics']",61802,1,1,USA,Massachusetts Institute of Technology - MIT
hv8jgk8AAAAJ,https://scholar.google.com/citations?view_op=medium_photo&user=hv8jgk8AAAAJ,Earl K. Miller,"Picower Professor of Neuroscience, Massachusetts Institute of Technology",@mit.edu,"['neuroscience', 'cognitive science']",59971,1,1,USA,Massachusetts Institute of Technology - MIT
p1DZVX8AAAAJ,https://scholar.google.com/citations?view_op=medium_photo&user=p1DZVX8AAAAJ,Martin Wainwright,"Professor, EECS/Mathematics,  Massachusetts Institute of Technology",@mit.edu,"['Statistics', 'machine learning', 'optimization', 'information theory', 'artificial intelligence']",56341,1,1,USA,Massachusetts Institute of Technology - MIT
5wOIImMAAAAJ,https://scholar.google.com/citations?view_op=medium_photo&user=5wOIImMAAAAJ,Ryan N. Lang,Massachusetts Institute of Technology,@mit.edu,"['Gravitational wave detection', 'Alternative theories of gravity', 'Neutron stars']",55918,1,1,USA,Massachusetts Institute of Technology - MIT
rS68naIAAAAJ,https://scholar.google.com/citations?view_op=medium_photo&user=rS68naIAAAAJ,Liang Fu,Massachusetts Institute of Technology,@mit.edu,['Physics'],53964,1,1,USA,Massachusetts Institute of Technology - MIT
5RfBYzcAAAAJ,https://scholar.google.com/citations?view_op=medium_photo&user=5RfBYzcAAAAJ,Erich P. Ippen,"Professor, Massachusetts Institute of Technology",@mit.edu,['optics and photonics'],53339,1,1,USA,Massachusetts Institute of Technology - MIT
P7S5TY0AAAAJ,https://scholar.google.com/citations?view_op=medium_photo&user=P7S5TY0AAAAJ,Neville Hogan,"Professor, Massachusetts Institute of Technology",@mit.edu,"['Robotics', 'Motor Neuroscience', 'Human-Robot Interaction']",52396,1,1,USA,Massachusetts Institute of Technology - MIT
E0iCaa4AAAAJ,https://scholar.google.com/citations?view_op=medium_photo&user=E0iCaa4AAAAJ,Song Han,Massachusetts Institute of Technology,@mit.edu,"['Computer Architecture', 'Deep Learning', 'Computer Vision']",51814,1,1,USA,Massachusetts Institute of Technology - MIT
dQDXoQsAAAAJ,https://scholar.google.com/citations?view_op=medium_photo&user=dQDXoQsAAAAJ,Graham C Walker,"American Cancer Society Professor, Massachusetts Institute of Technology",@mit.edu,['Biology'],49930,1,1,USA,Massachusetts Institute of Technology - MIT
m_WijIcAAAAJ,https://scholar.google.com/citations?view_op=medium_photo&user=m_WijIcAAAAJ,Ramachandra Rao Dasari,Massachusetts Institute of Technology,@mit.edu,"['Biomedical Optics and Spectroscopy', 'Raman', 'Phase Microscopy']",48893,1,1,USA,Massachusetts Institute of Technology - MIT
C0ANojIAAAAJ,https://scholar.google.com/citations?view_op=medium_photo&user=C0ANojIAAAAJ,David G. Rand,"Erwin H. Schell Professor, Massachusetts Institute of Technology",@mit.edu,"['Misinformation', 'Social Media', 'Reasoning', 'Cooperation', 'Polarization']",48740,1,1,USA,Massachusetts Institute of Technology - MIT
q16KVs0AAAAJ,https://scholar.google.com/citations?view_op=medium_photo&user=q16KVs0AAAAJ,Daniel Huttenlocher,Massachusetts Institute of Technology,@mit.edu,"['Computer Vision', 'Social Network Analysis']",48339,1,1,USA,Massachusetts Institute of Technology - MIT
Y8FpsToAAAAJ,https://scholar.google.com/citations?view_op=medium_photo&user=Y8FpsToAAAAJ,Sallie W Chisholm,"Institute Professor, Massachusetts Institute of Technology",@mit.edu,"['Oceanography', 'Microbiology', 'Ecology']",48270,1,1,USA,Massachusetts Institute of Technology - MIT
BJvsP0EAAAAJ,https://scholar.google.com/citations?view_op=medium_photo&user=BJvsP0EAAAAJ,Sylvia Biscoveanu,"PhD Student, Massachusetts Institute of Technology",@mit.edu,"['gravitational waves', 'compact binary mergers', 'stochastic gravitational-wave backgrounds']",48014,1,1,USA,Massachusetts Institute of Technology - MIT
_8jOleEAAAAJ,https://scholar.google.com/citations?view_op=medium_photo&user=_8jOleEAAAAJ,Ronald T. Raines,"Firmenich Professor of Chemistry, Massachusetts Institute of Technology",@mit.edu,"['chemical biology', 'protein chemistry', 'enzymology', 'biofuels']",47933,1,1,USA,Massachusetts Institute of Technology - MIT
hWBTSksAAAAJ,https://scholar.google.com/citations?view_op=medium_photo&user=hWBTSksAAAAJ,Markus J. Buehler,Massachusetts Institute of Technology,@MIT.EDU,"['Materials science', 'computational mechanics', 'biomaterials', 'deformation', 'failure']",46383,1,1,USA,Massachusetts Institute of Technology - MIT
qRd8Hh4AAAAJ,https://scholar.google.com/citations?view_op=medium_photo&user=qRd8Hh4AAAAJ,Moe Z. Win,"… Jet Propulsion Laboratory, AT&T Research Labs, Massachusetts Institute of Technology  …",@mit.edu,"['Statistical Inference', 'Wireless Systems', 'UWB', 'Localization', 'Quantum Information Science']",46189,1,1,USA,Massachusetts Institute of Technology - MIT
gX7rSCcAAAAJ,https://scholar.google.com/citations?view_op=medium_photo&user=gX7rSCcAAAAJ,Jonathan P. How,"… C. Maclaurin Professor of Aerospace Engineering, Massachusetts Institute of Technology",@mit.edu,"['Control systems', 'Multi-agent systems', 'Aerial Robotics', 'Sensor Fusion', 'Autonomous Driving']",44728,1,1,USA,Massachusetts Institute of Technology - MIT
LS8ZyFQAAAAJ,https://scholar.google.com/citations?view_op=medium_photo&user=LS8ZyFQAAAAJ,T. Alan Hatton,Massachusetts Institute of Technology,@mit.edu,"['Chemical Engineering', 'Energy', 'Environment', 'Nanoparticles', 'Colloids']",43439,1,1,USA,Massachusetts Institute of Technology - MIT
VqHtUUcAAAAJ,https://scholar.google.com/citations?view_op=medium_photo&user=VqHtUUcAAAAJ,Mark Vogelsberger,Massachusetts Institute of Technology,@mit.edu,['Astrophysics'],43383,1,1,USA,Massachusetts Institute of Technology - MIT
cp5X0a0AAAAJ,https://scholar.google.com/citations?view_op=medium_photo&user=cp5X0a0AAAAJ,Richard Schmalensee,Massachusetts Institute of Technology,@mit.edu,"['Industrial Organization', 'Energy', 'Environment', 'Antitrust']",41089,1,1,USA,Massachusetts Institute of Technology - MIT
4bHLr_IAAAAJ,https://scholar.google.com/citations?view_op=medium_photo&user=4bHLr_IAAAAJ,Xuanhe Zhao (赵选贺),"Professor, Massachusetts Institute of Technology",@mit.edu,"['solid mechanics', 'soft materials', 'hydrogels', 'bioadhesives', 'bioelectronics']",40700,1,1,USA,Massachusetts Institute of Technology - MIT
GANsK9MAAAAJ,https://scholar.google.com/citations?view_op=medium_photo&user=GANsK9MAAAAJ,Dev Kumar Aadil,"Harvard University,  Massachusetts Institute of Technology, Stanford University",@g.harvard.edu,"['Nanotechnology', 'Polymers']",39597,1,1,USA,Massachusetts Institute of Technology - MIT
xyXF27EAAAAJ,https://scholar.google.com/citations?view_op=medium_photo&user=xyXF27EAAAAJ,Michael J. Cima,"Professor, Massachusetts Institute of Technology",@mit.edu,[],39496,1,1,USA,Massachusetts Institute of Technology - MIT
lZ-zpSsAAAAJ,https://scholar.google.com/citations?view_op=medium_photo&user=lZ-zpSsAAAAJ,Shuguang Zhang,Massachusetts Institute of Technology,@mit.edu,"['peptides', 'proteins']",38693,1,1,USA,Massachusetts Institute of Technology - MIT
YsZ6EjkAAAAJ,https://scholar.google.com/citations?view_op=medium_photo&user=YsZ6EjkAAAAJ,EA Fitzgerald,"Cornell, ATT, MIT, Massachusetts Institute of Technology, NTU",@mit.edu,"['Materials', 'Electrical Engineering', 'Physics', 'Innovation']",37154,1,1,USA,Massachusetts Institute of Technology - MIT
_Yxi7iUAAAAJ,https://scholar.google.com/citations?view_op=medium_photo&user=_Yxi7iUAAAAJ,Aristeidis Karalis,Massachusetts Institute of Technology,@mit.edu,"['[ex.patents: Citations=10600', 'h=13 & i10=13 (Jul2023)]', 'Wireless power transmission', 'Photonics', 'Plasmonics']",36535,1,1,USA,Massachusetts Institute of Technology - MIT
wVY7w-QAAAAJ,https://scholar.google.com/citations?view_op=medium_photo&user=wVY7w-QAAAAJ,Darrell J. Irvine,Massachusetts Institute of Technology,@mit.edu,['Immune Engineering'],35688,1,1,USA,Massachusetts Institute of Technology - MIT
pzT_DS8AAAAJ,https://scholar.google.com/citations?view_op=medium_photo&user=pzT_DS8AAAAJ,James B. Orlin,"Professor, Massachusetts Institute of Technology",@mit.edu,"['algorithms', 'operations research', 'computer science']",35403,1,1,USA,Massachusetts Institute of Technology - MIT
uzFFOy8AAAAJ,https://scholar.google.com/citations?view_op=medium_photo&user=uzFFOy8AAAAJ,carl wunsch,"massachusetts institute of technology, Harvard University",@mit.edu,"['physical oceanograpy', 'paloeclimate', 'climate']",35022,1,1,USA,Massachusetts Institute of Technology - MIT
gZ-RhocAAAAJ,https://scholar.google.com/citations?view_op=medium_photo&user=gZ-RhocAAAAJ,Linda Griffith,"Professor of Biological Engineering, Massachusetts Institute of Technology",@mit.edu,"['bioengineering', 'systems biology', 'tissue engineering', 'organs on chips']",34967,1,1,USA,Massachusetts Institute of Technology - MIT
gEBFbiQAAAAJ,https://scholar.google.com/citations?view_op=medium_photo&user=gEBFbiQAAAAJ,Richard D. Braatz,"Edwin R. Gilliland Professor, Massachusetts Institute of Technology",@mit.edu,"['Systems Theory', 'Systems and Control Theory', 'Fault Diagnosis', 'Manufacturing Processes', 'Manufacturing Systems']",31826,1,1,USA,Massachusetts Institute of Technology - MIT
d9BOsKgAAAAJ,https://scholar.google.com/citations?view_op=medium_photo&user=d9BOsKgAAAAJ,Laurie A. Boyer,"Professor, Massachusetts Institute of Technology",@mit.edu,"['chromatin', 'gene regulation', 'genomics', 'stem cells', 'heart development']",31615,1,1,USA,Massachusetts Institute of Technology - MIT
k_bHA4QAAAAJ,https://scholar.google.com/citations?view_op=medium_photo&user=k_bHA4QAAAAJ,Robert C. Stalnaker,"Professor Emeritus of Philosophy, Massachusetts Institute of Technology",@mit.edu,"['Philosophy', 'Philosophy of Language', 'Metaphysics', 'Epistemology']",31129,1,1,USA,Massachusetts Institute of Technology - MIT
_R5-N7oAAAAJ,https://scholar.google.com/citations?view_op=medium_photo&user=_R5-N7oAAAAJ,John Marshall,Massachusetts Institute of Technology,@mit.edu,['Ocean'],30809,1,1,USA,Massachusetts Institute of Technology - MIT
eFGnK9QAAAAJ,https://scholar.google.com/citations?view_op=medium_photo&user=eFGnK9QAAAAJ,Emilio Bizzi,Massachusetts Institute of Technology,@mit.edu,['Neuroscience'],30430,1,1,USA,Massachusetts Institute of Technology - MIT
0WadBQYAAAAJ,https://scholar.google.com/citations?view_op=medium_photo&user=0WadBQYAAAAJ,Gregory C Rutledge,"Professor, Massachusetts Institute of Technology",@mit.edu,"['Polymers', 'Molecular Modeling', 'Nanofibers']",30178,1,1,USA,Massachusetts Institute of Technology - MIT
a8jIPIkAAAAJ,https://scholar.google.com/citations?view_op=medium_photo&user=a8jIPIkAAAAJ,Vinod Vaikuntanathan,"Professor of Computer Science, Massachusetts Institute of Technology",@csail.mit.edu,"['Cryptography', 'Distributed Algorithms', 'Complexity Theory']",28750,1,1,USA,Massachusetts Institute of Technology - MIT
ekOjIjIAAAAJ,https://scholar.google.com/citations?view_op=medium_photo&user=ekOjIjIAAAAJ,John H Lienhard V,"Professor of Mechanical Engineering, Massachusetts Institute of Technology",@mit.edu,"['Desalination', 'Thermodynamics', 'Water', 'Heat & Mass Transfer', 'Convection']",28462,1,1,USA,Massachusetts Institute of Technology - MIT
_UZRRxkAAAAJ,https://scholar.google.com/citations?view_op=medium_photo&user=_UZRRxkAAAAJ,Karl Dane Wittrup,"… of Chemical Engineering & Biological Engineering, Massachusetts Institute of Technology",@mit.edu,"['Antibody engineering', 'protein engineering', 'cancer']",28434,1,1,USA,Massachusetts Institute of Technology - MIT
6uWhcFkAAAAJ,https://scholar.google.com/citations?view_op=medium_photo&user=6uWhcFkAAAAJ,Franz-Josef Ulm,Massachusetts Institute of Technology,@mit.edu,"['Mechanics of Materials', 'Fracture Mechanics', 'Poromechanics', 'Structural Engineering', 'Building Materials']",28333,1,1,USA,Massachusetts Institute of Technology - MIT
vMSY5AgAAAAJ,https://scholar.google.com/citations?view_op=medium_photo&user=vMSY5AgAAAAJ,Jianzhu Chen,"Professor of Biology, Massachusetts Institute of Technology",@mit.edu,"['Biology', 'Immunology']",27968,1,1,USA,Massachusetts Institute of Technology - MIT
s_IPfEYAAAAJ,https://scholar.google.com/citations?view_op=medium_photo&user=s_IPfEYAAAAJ,Pablo A. Parrilo,"… of Electrical Engineering and Computer Science, Massachusetts Institute of Technology",@mit.edu,"['Convex Optimization', 'Semidefinite Programming', 'Systems and Control', 'Applied Mathematics']",27465,1,1,USA,Massachusetts Institute of Technology - MIT
c3eio1wAAAAJ,https://scholar.google.com/citations?view_op=medium_photo&user=c3eio1wAAAAJ,Stuart S. Levine,Massachusetts Institute of Technology,@mit.edu,"['Genomics', 'Bioinformatics', 'Chromatin', 'Regulation of Gene Expression']",27444,1,1,USA,Massachusetts Institute of Technology - MIT
JROhqnQAAAAJ,https://scholar.google.com/citations?view_op=medium_photo&user=JROhqnQAAAAJ,Ioannis V. Yannas,"Professor of Polymer Science, Massachusetts Institute of Technology",@mit.edu,"['Organ regeneration', 'Regenerative medicine', 'Biomaterials']",26925,1,1,USA,Massachusetts Institute of Technology - MIT
Y0LsOJsAAAAJ,https://scholar.google.com/citations?view_op=medium_photo&user=Y0LsOJsAAAAJ,Stephen Morris,"Peter A. Diamond Professor of Economics, Massachusetts Institute of Technology",@mit.edu,['Economics'],26374,1,1,USA,Massachusetts Institute of Technology - MIT
JlrEuLkAAAAJ,https://scholar.google.com/citations?view_op=medium_photo&user=JlrEuLkAAAAJ,Tonio Buonassisi,Massachusetts Institute of Technology,@mit.edu,"['Materials Science', 'Machine Learning', 'Energy Systems', 'Photovoltaics']",25924,1,1,USA,Massachusetts Institute of Technology - MIT
6Ff2c8wAAAAJ,https://scholar.google.com/citations?view_op=medium_photo&user=6Ff2c8wAAAAJ,Erik Demaine,"… of Electrical Engineering and Computer Science, Massachusetts Institute of Technology",@mit.edu,"['algorithms', 'computational geometry', 'data structures', 'graph algorithms', 'recreational algorithms']",25445,1,1,USA,Massachusetts Institute of Technology - MIT
44XNe5oAAAAJ,https://scholar.google.com/citations?view_op=medium_photo&user=44XNe5oAAAAJ,Michelle Hanlon,Massachusetts Institute of Technology,@mit.edu,['Accounting and taxation'],25121,1,1,USA,Massachusetts Institute of Technology - MIT
A2Nj34EAAAAJ,https://scholar.google.com/citations?view_op=medium_photo&user=A2Nj34EAAAAJ,Philip M. Gschwend,Massachusetts Institute of Technology,@mit.edu,['environmental organic chemistry'],25014,1,1,USA,Massachusetts Institute of Technology - MIT
VNyWLJ0AAAAJ,https://scholar.google.com/citations?view_op=medium_photo&user=VNyWLJ0AAAAJ,Laura L. Kiessling,Massachusetts Institute of Technology,@mit.edu,"['Chemical Biology', 'Organic Chemistry', 'Glycobiology', 'Stem Cell Biology', 'Immunology']",24955,1,1,USA,Massachusetts Institute of Technology - MIT
vI1NQcYAAAAJ,https://scholar.google.com/citations?view_op=medium_photo&user=vI1NQcYAAAAJ,Ming Dao,Massachusetts Institute of Technology,@mit.edu,[],24382,1,1,USA,Massachusetts Institute of Technology - MIT
RQ50vF4AAAAJ,https://scholar.google.com/citations?view_op=medium_photo&user=RQ50vF4AAAAJ,Christopher Voigt,"Professor of Biological Engineering, Massachusetts Institute of Technology",@mit.edu,"['Synthetic Biology', 'Biotechnology', 'Genetic Circuit Design', 'Metabolic Engineering', 'Protein Engineering']",24238,1,1,USA,Massachusetts Institute of Technology - MIT
kssA7YwAAAAJ,https://scholar.google.com/citations?view_op=medium_photo&user=kssA7YwAAAAJ,Leo Anthony Celi,Massachusetts Institute of Technology,@mit.edu,[],24116,1,1,USA,Massachusetts Institute of Technology - MIT
398l2V8AAAAJ,https://scholar.google.com/citations?view_op=medium_photo&user=398l2V8AAAAJ,Alan D Grossman,Massachusetts Institute of Technology,@mit.edu,[],23975,1,1,USA,Massachusetts Institute of Technology - MIT
DbpMkKYAAAAJ,https://scholar.google.com/citations?view_op=medium_photo&user=DbpMkKYAAAAJ,Jiang Zhou,Central South University; Massachusetts Institute of Technology (MIT),@csu.edu.cn,"['Zn batteries', 'Lithium ion batteries', 'Sodium ion batteries']",23845,1,1,USA,Massachusetts Institute of Technology - MIT
Mn1-cq8AAAAJ,https://scholar.google.com/citations?view_op=medium_photo&user=Mn1-cq8AAAAJ,Jurgen Michel,Massachusetts Institute of Technology,@mit.edu,"['Microphotonics', 'PV']",23628,1,1,USA,Massachusetts Institute of Technology - MIT
kKs8h0kAAAAJ,https://scholar.google.com/citations?view_op=medium_photo&user=kKs8h0kAAAAJ,Richard Lindzen,"Professor Emeritus, Massachusetts Institute of Technology",,"['atmospheric physics', 'meteorology']",23585,1,1,USA,Massachusetts Institute of Technology - MIT
CNmqCWIAAAAJ,https://scholar.google.com/citations?view_op=medium_photo&user=CNmqCWIAAAAJ,John Wise,"Professor of Microbiology, Massachusetts Institute of Technology",,"['Professor of Microbiology', 'Massachusetts Institute of Technology']",23293,1,1,USA,Massachusetts Institute of Technology - MIT
FHL7ncYAAAAJ,https://scholar.google.com/citations?view_op=medium_photo&user=FHL7ncYAAAAJ,T. Senthil,"Professor of Physics, Massachusetts Institute of Technology",@mit.edu,"['Quantum many body physics', 'Condensed Matter Physics', 'Quantum Field Theory']",23221,1,1,USA,Massachusetts Institute of Technology - MIT
UQLFRisAAAAJ,https://scholar.google.com/citations?view_op=medium_photo&user=UQLFRisAAAAJ,David Pesetsky,"… . Ward Professor of Modern Languages & Linguistics, Massachusetts Institute of Technology",@mit.edu,"['Linguistics', 'Syntax', 'Semantics', 'Russian Linguistics', 'Language and Music']",22986,1,1,USA,Massachusetts Institute of Technology - MIT
BRIg53UAAAAJ,https://scholar.google.com/citations?view_op=medium_photo&user=BRIg53UAAAAJ,Ron Weiss,"Professor of Biological Engineering, Massachusetts Institute of Technology",@mit.edu,['Synthetic biology'],22745,1,1,USA,Massachusetts Institute of Technology - MIT
4GpKQUIAAAAJ,https://scholar.google.com/citations?view_op=medium_photo&user=4GpKQUIAAAAJ,Polina Golland,Massachusetts Institute of Technology,@mit.edu,[],22676,1,1,USA,Massachusetts Institute of Technology - MIT
ZJKM9FUAAAAJ,https://scholar.google.com/citations?view_op=medium_photo&user=ZJKM9FUAAAAJ,Arlene M. Fiore,"… of Earth Atmospheric and Planetary Sciences, Massachusetts Institute of Technology",@mit.edu,"['atmospheric chemistry', 'air pollution', 'climate']",22377,1,1,USA,Massachusetts Institute of Technology - MIT
PBRVXxQAAAAJ,https://scholar.google.com/citations?view_op=medium_photo&user=PBRVXxQAAAAJ,Benjamin Bret Lane,"Doctoral Candidate, Massachusetts Institute of Technology",@mit.edu,"['optomechanics', 'macroscopic quantum mechanics', 'quantum optics', 'gravitational wave physics']",22255,1,1,USA,Massachusetts Institute of Technology - MIT
2cimQiQAAAAJ,https://scholar.google.com/citations?view_op=medium_photo&user=2cimQiQAAAAJ,Earle R. Williams,"Principal Research Scientist, Massachusetts Institute of Technology",@mit.edu,"['Physical meteorology', 'atmospheric electricity', 'cloud physics', 'lightning', 'radar meteorology']",22028,1,1,USA,Massachusetts Institute of Technology - MIT
j4NKNWQAAAAJ,https://scholar.google.com/citations?view_op=medium_photo&user=j4NKNWQAAAAJ,Vivishek Sudhir,Massachusetts Institute of Technology,@mit.edu,"['quantum optics', 'cavity optomechanics', 'precision measurements']",21990,1,1,USA,Massachusetts Institute of Technology - MIT
pMikAokAAAAJ,https://scholar.google.com/citations?view_op=medium_photo&user=pMikAokAAAAJ,Duminda Ranasinghe,Massachusetts institute of technology,@mit.edu,['computational chemistry'],21943,1,1,USA,Massachusetts Institute of Technology - MIT
TqAysx4AAAAJ,https://scholar.google.com/citations?view_op=medium_photo&user=TqAysx4AAAAJ,John Essigmann,Massachusetts Institute of Technology,@mit.edu,"['Toxicology', 'cancer research', 'biochemistry']",21924,1,1,USA,Massachusetts Institute of Technology - MIT
PzbmZ9oAAAAJ,https://scholar.google.com/citations?view_op=medium_photo&user=PzbmZ9oAAAAJ,RP Binzel,Massachusetts Institute of Technology,@mit.edu,[],21681,1,1,USA,Massachusetts Institute of Technology - MIT
3VyGrdwAAAAJ,https://scholar.google.com/citations?view_op=medium_photo&user=3VyGrdwAAAAJ,Karl Iagnemma,"Principal Research Scientist, Massachusetts Institute of Technology",@mit.edu,"['Robotics', 'Unmanned ground vehicles', 'Autonomous Vehicles', 'Planetary exploration rovers']",21477,1,1,USA,Massachusetts Institute of Technology - MIT
3qPiYJoAAAAJ,https://scholar.google.com/citations?view_op=medium_photo&user=3qPiYJoAAAAJ,Devavrat Shah,Massachusetts Institute of Technology,@mit.edu,"['statistical inference', 'networks', 'algorithms', 'communications']",21256,1,1,USA,Massachusetts Institute of Technology - MIT
_NyqnKsAAAAJ,https://scholar.google.com/citations?view_op=medium_photo&user=_NyqnKsAAAAJ,Lance Snead,Massachusetts Institute of Technology,@MIT.edu,"['Irradiation Materials Science', 'Nuclear Fuels', 'Nuclear Structural Matarials']",21232,1,1,USA,Massachusetts Institute of Technology - MIT
c7LLiswAAAAJ,https://scholar.google.com/citations?view_op=medium_photo&user=c7LLiswAAAAJ,Peter So,Massachusetts Institute of Technology,@mit.edu,['Biophotonics'],21168,1,1,USA,Massachusetts Institute of Technology - MIT